{"cameraMode":{"drawMode":0,"name":"Shaded","section":"Shading Mode"},"sceneLighting":true,"audioPlay":false,"sceneViewState":{"showFog":true,"showMaterialUpdate":false,"showSkybox":true,"showFlares":true,"showImageEffects":true,"showParticleSystems":true},"in2DMode":false,"pivot":{"x":250.5130157470703,"y":65.62003326416016,"z":-41.82611083984375},"rotation":{"x":-0.15122725069522859,"y":-0.0008921619155444205,"z":0.00013652467168867588,"w":-0.9884991645812988},"size":1167.5205078125,"orthographic":true}